Predicted_Video_ID,Related_Video_IDs
101,
101,
101,
101,
101,203 406
101,
101,103
101,103
101,103
101,103
101,103
101,103
101,202
101,
101,
,
101,401 103
101,
101,
101,401
101,
101,405
101,
101,405
101,107
102,105
102,
102,
102,107
102,107
102,107
102,
102,
102,107
102,107
102,107
102,
102,
102,
102,
102,106
102,106
102,204
102,
103,
103,
103,
103,
103,
103,
103,102 107
103,102 107
103,102 205
103,107
103,
103,
103,
103,
103,
103,
103,
103,
103,
103,
104,
104,
104,
104,
104,
104,
104,
104,
104,
104,
104,
104,
105,406 206
105,
105,
105,
105,206
105,206
105,206
105,206
105,206
105,
107,105
107,105
105,203
105,203
105,204 406
105,204 406
107,103 105
107,105 103
105,
401,105 107
106,105 204
105,
105,
106,203 204
106,203 204
106,203 204
106,204 207
106,204
106,202
106,
106,
106,
106,
106,401 405 404
106,202
106,202
106,107
106,105
106,
107,
107,
107,105
107,401 203
107,401 203
107,401 203
107,
107,
107,
107,
107,
107,102
107,104 102
107,
107,
107,
107,
107,
204,107
107,
107,204 201
107,204 201
107,
107,104
201,
201,103 107
201,
201,405
201,
201,
201,
201,
201,
105,101 201 203
201,
201,
201,106
201,
201,204
201,102
201,206
201,
201,203
201,204
201,
202,
202,
202,101
202,203
202,201
105,202 203
202,
202,201
202,
102,
203,202 102
202,
202,
202,401 405
401,202 207 405
202,
202,
202,201
202,
202,
202,
203,406 202 107
203,106
203,407
203,
203,407
203,102
203,
203,204
203,
203,
203,102
203,
203,
203,
203,401
203,
203,204
203,204 106
203,204
203,204
107,203
204,203
204,203 106
203,204 401
203,401 204
204,405 107
204,107
107,
107,
107,
107,
107,
204,107 203 202
204,203
204,107
204,107
107,
204,107 203
205,
402,205
205,
205,
205,
205,
205,
205,
205,106 101
205,
205,
205,
205,
103,205 202
205,
205,
205,
205,
205,
206,
206,
206,
206,
206,
105,201 206
206,
206,
206,
405,206 204 207
206,
206,106 202
206,105
206,
206,105
103,101 405
405,106 401
101,104 405
207,405
405,104 101 401
207,405 401
401,405 207
405,101 401
207,401
207,401
207,405 401
207,401 405
207,105 404
207,405 206
104,
405,401
401,402
405,401 104
401,203 204
405,401 103
405,401
402,401
401,405
401,405 103
405,401
402,401 405
402,401 104
104,
402,104 401
402,401 405
402,401 104
402,401 104
401,405 402
402,401 104
402,401 104
402,401
401,405 402
404,
404,
404,
404,
404,
404,
404,
404,
404,
404,104
405,401
405,401
405,401
405,
405,
405,401
405,401
405,401
103,404 101
404,405 201
405,401 101
405,107
405,401
405,401 106
106,202 406
106,202 406
406,407
407,406
406,
406,
406,203
406,
406,407
406,407
104,405 103 107
407,103 406 201
407,103 406 201
201,106 401 407
407,406
407,
407,406
407,406
407,106
407,406
407,406
407,105 104 401
401,201
102,106 407 205
